Component;Description;Part;References;Value;Footprint;Quantity Per PCB;Datasheet;lcsc#;variant;manf#
1;Unpolarized capacitor;C;C2 C5;100n;C_0603_1608Metric;2;~;C14663;3V3, 5V;C0603C104M4RACTU
2;Unpolarized capacitor;C;C6;1µ;C_0603_1608Metric;1;~;C15849;;C0603X105K9RACAUTO
3;Unpolarized capacitor;C;C1 C4;10µ;C_0603_1608Metric;2;~;C19702;3V3, 5V;CL10A106KP8NNNC
4;Unpolarized capacitor;C;C3 C7;4.7µ;C_0603_1608Metric;2;~;C19666;;CL10A475KO8NNNC
5;Diode;D;D1;D;D_0603_1608Metric;1;~;;3V3, 5V;
6;Fuse;Fuse;F1;500mA;Fuse_0603_1608Metric;1;~;C135323;;04000025WR
7;Generic connector, single row, 01x02, script generated (kicad-library-utils/schlib/autogen/connector/);Conn_01x02;J1;JST;JST_PH_S2B-PH-SM4-TB_1x02-1MP_P2.00mm_Horizontal;1;~;;3V3, 5V;
8;Inductor;L;L1;6.8µ/2A;L_Bourns_SRN6045TA;1;~;C354631;;744787068
9;Resistor;R;R3;2k;R_0603_1608Metric;1;~;C22975;;0603WAF2001T5E
10;Resistor;R;R4 R8;200k;R_0603_1608Metric;2;~;C25811;;0603WAF2003T5E
11;Resistor;R;R1 R2 R6;390k;R_0603_1608Metric;3;~;C23150;;0603WAF3903T5E
12;Resistor;R;R7;1.1M;R_0603_1608Metric;1;~;C169875;;RM06FTN1104
13;Resistor;R;R5;2.4M;R_0603_1608Metric;1;~;C367738;;WR06W2404FTL
14;Single cell, Li-Ion/Li-Po charge management controller, 4.20V, Tri-State Status Output, in SOT23-5 package;MCP73831-2-OT;U1;MCP73831-2-OT;SOT-23-5;1;http://ww1.microchip.com/downloads/en/DeviceDoc/20001984g.pdf;C14879;3V3, 5V;MCP73831T-2ACI/OT
15;2A Step-Up DC-DC Converter for Batteries, Isw up to 2500mA, Adjustable output voltage, QFN-16;TPS61090;U2;TPS61090;Texas_S-PVQFN-N16_EP2.7x2.7mm_ThermalVias;1;http://www.ti.com/lit/ds/symlink/tps61090.pdf;C206167;3V3, 5V;TPS61090RSAR





Component Groups:;15
Component Count:;21
Fitted Components:;21
Number of PCBs:;1
Total components:;21
Schematic Version:;v1.3
Schematic Date:;2020-06-01
PCB Variant:;default
BoM Date:Date
Schematic Source:;ProMicro_LIPO.sch
KiCad Version:;Eeschema 5.1.5+dfsg1-2~bpo10+1
